{"cameraMode":{"drawMode":0,"name":"Shaded","section":"Shading Mode"},"sceneLighting":true,"audioPlay":false,"sceneViewState":{"showFog":true,"showMaterialUpdate":true,"showSkybox":true,"showFlares":true,"showImageEffects":true,"showParticleSystems":true},"in2DMode":false,"pivot":{"x":919.0162963867188,"y":20.93777084350586,"z":366.1527099609375},"rotation":{"x":-0.039298199117183688,"y":0.009590075351297856,"z":-0.0003803068248089403,"w":-0.9991903305053711},"size":261.13543701171877,"orthographic":false}