{"cameraMode":{"drawMode":0,"name":"Shaded","section":"Shading Mode"},"sceneLighting":true,"audioPlay":false,"sceneViewState":{"showFog":true,"showMaterialUpdate":true,"showSkybox":true,"showFlares":true,"showImageEffects":true,"showParticleSystems":true},"in2DMode":false,"pivot":{"x":-1.126715064048767,"y":2.7489452362060549,"z":5.1478753089904789},"rotation":{"x":-0.20875529944896699,"y":0.009385465644299984,"z":-0.002008414128795266,"w":-0.9779309034347534},"size":6.789636135101318,"orthographic":false}