{"cameraMode":{"drawMode":0,"name":"Shaded","section":"Shading Mode"},"sceneLighting":true,"audioPlay":false,"sceneViewState":{"showFog":true,"showMaterialUpdate":false,"showSkybox":true,"showFlares":true,"showImageEffects":true,"showParticleSystems":true},"in2DMode":false,"pivot":{"x":8.411279678344727,"y":12.277933120727539,"z":3.259352922439575},"rotation":{"x":0.15058347582817079,"y":-0.8459216356277466,"z":0.4011516869068146,"w":0.3175452947616577},"size":0.13401198387145997,"orthographic":false}