{"cameraMode":{"drawMode":0,"name":"Shaded","section":"Shading Mode"},"sceneLighting":true,"audioPlay":false,"sceneViewState":{"showFog":true,"showMaterialUpdate":true,"showSkybox":true,"showFlares":true,"showImageEffects":true,"showParticleSystems":true},"in2DMode":false,"pivot":{"x":0.8358464241027832,"y":-9.008528709411621,"z":25.008161544799806},"rotation":{"x":0.20346729457378388,"y":-3.416350313756311e-9,"z":-4.026417865787835e-9,"w":0.979081928730011},"size":14.969204902648926,"orthographic":false}