{"cameraMode":{"drawMode":0,"name":"Shaded","section":"Shading Mode"},"sceneLighting":true,"audioPlay":false,"sceneViewState":{"showFog":true,"showMaterialUpdate":true,"showSkybox":true,"showFlares":true,"showImageEffects":true,"showParticleSystems":true},"in2DMode":false,"pivot":{"x":978.660888671875,"y":105.35604858398438,"z":373.94921875},"rotation":{"x":-0.039298199117183688,"y":0.009590075351297856,"z":-0.0003803068248089403,"w":-0.9991903305053711},"size":1376.1796875,"orthographic":false}