{"cameraMode":{"drawMode":0,"name":"Shaded","section":"Shading Mode"},"sceneLighting":false,"audioPlay":false,"sceneViewState":{"showFog":true,"showMaterialUpdate":false,"showSkybox":false,"showFlares":true,"showImageEffects":true,"showParticleSystems":true},"in2DMode":false,"pivot":{"x":0.14289572834968568,"y":0.029773056507110597,"z":0.05110634118318558},"rotation":{"x":0.045986443758010867,"y":0.9347723722457886,"z":-0.1315484344959259,"w":0.32677823305130007},"size":0.5387437343597412,"orthographic":false}