{"cameraMode":{"drawMode":0,"name":"Shaded","section":"Shading Mode"},"sceneLighting":true,"audioPlay":false,"sceneViewState":{"showFog":true,"showMaterialUpdate":false,"showSkybox":true,"showFlares":true,"showImageEffects":true,"showParticleSystems":true},"in2DMode":false,"pivot":{"x":-1.970369577407837,"y":-1.215373158454895,"z":-3.1113271713256838},"rotation":{"x":0.1596078723669052,"y":0.0786980539560318,"z":-0.01276399102061987,"w":0.9839587211608887},"size":4.665591716766357,"orthographic":false}