{"cameraMode":{"drawMode":0,"name":"Shaded","section":"Shading Mode"},"sceneLighting":false,"audioPlay":false,"sceneViewState":{"showFog":true,"showMaterialUpdate":false,"showSkybox":false,"showFlares":true,"showImageEffects":true,"showParticleSystems":true},"in2DMode":false,"pivot":{"x":2.992217540740967,"y":-0.06673288345336914,"z":15.399417877197266},"rotation":{"x":0.3671053349971771,"y":-0.3200019598007202,"z":0.13616810739040376,"w":0.8627251982688904},"size":4.09483003616333,"orthographic":false}