{"cameraMode":{"drawMode":0,"name":"Shaded","section":"Shading Mode"},"sceneLighting":true,"audioPlay":false,"sceneViewState":{"showFog":true,"showMaterialUpdate":false,"showSkybox":true,"showFlares":true,"showImageEffects":true,"showParticleSystems":true},"in2DMode":false,"pivot":{"x":3.0999999046325685,"y":0.5511167049407959,"z":0.0},"rotation":{"x":0.5545669198036194,"y":0.06377115100622177,"z":-0.04268089309334755,"w":0.8286023736000061},"size":3.479065179824829,"orthographic":false}