{"cameraMode":{"drawMode":0,"name":"Shaded","section":"Shading Mode"},"sceneLighting":true,"audioPlay":false,"sceneViewState":{"showFog":true,"showMaterialUpdate":false,"showSkybox":true,"showFlares":true,"showImageEffects":true,"showParticleSystems":true},"in2DMode":false,"pivot":{"x":-1.222730040550232,"y":2.430265426635742,"z":1.0603537559509278},"rotation":{"x":-0.07159117609262467,"y":-0.03259952738881111,"z":-0.002340646693482995,"w":0.996907114982605},"size":2.393124580383301,"orthographic":false}