{"cameraMode":{"drawMode":0,"name":"Shaded","section":"Shading Mode"},"sceneLighting":true,"audioPlay":false,"sceneViewState":{"showFog":true,"showMaterialUpdate":false,"showSkybox":true,"showFlares":true,"showImageEffects":true,"showParticleSystems":true},"in2DMode":false,"pivot":{"x":1218.7352294921875,"y":540.7739868164063,"z":2.9317626953125},"rotation":{"x":-0.002690198365598917,"y":-0.0026889978908002378,"z":-0.000006766203568986384,"w":1.0000014305114747},"size":702.659423828125,"orthographic":false}