{"cameraMode":{"drawMode":0,"name":"Shaded","section":"Shading Mode"},"sceneLighting":true,"audioPlay":false,"sceneViewState":{"showFog":true,"showMaterialUpdate":false,"showSkybox":true,"showFlares":true,"showImageEffects":true,"showParticleSystems":true},"in2DMode":false,"pivot":{"x":936.138427734375,"y":544.34228515625,"z":17.19757080078125},"rotation":{"x":0.1906960904598236,"y":-0.0659012570977211,"z":0.012833372689783574,"w":0.9793549180030823},"size":144.24632263183595,"orthographic":false}